[{"model": "users.user", "fields": {"password": "pbkdf2_sha256$600000$qKubfZCF2EjZHIzIQIOrgf$SqcUNW6k9a/s91zKDQQiFTrmCdstq6cTyPxFQe6ew2s=", "last_login": "2025-07-17T20:12:44.108Z", "is_superuser": true, "email": "admin@mawadah.com", "phone": "0000000000", "first_name": "Mawaddah", "last_name": "Admin", "role": "admin", "is_verified_syed": false, "country": "Pakistan", "state": "Unknown", "city": "PlaceholderCity", "withdraw_method": null, "account_title": null, "account_number": null, "bank_name": null, "wallet_balance": "0.00", "avatar": "uploads/avatars/zia-linkedin.png", "language": "en", "created_at": "2025-07-13T17:47:27.014Z", "updated_at": "2025-07-17T19:59:32.579Z", "is_active": true, "is_staff": true, "date_joined": "2025-07-13T17:47:27.014Z", "groups": [], "user_permissions": []}}, {"model": "users.user", "fields": {"password": "pbkdf2_sha256$600000$rsfJ4W3avZV6xNYRC6iabS$l/uzMotnsqTkz1ma6qmC1wKhj+38N0KjY3wrL3e1Rz8=", "last_login": null, "is_superuser": true, "email": "admin@mawaddah.app", "phone": "1000000001", "first_name": "Zia", "last_name": "Admin", "role": "admin", "is_verified_syed": false, "country": "Pakistan", "state": "Unknown", "city": "PlaceholderCity", "withdraw_method": null, "account_title": null, "account_number": null, "bank_name": null, "wallet_balance": "0.00", "avatar": "", "language": "en", "created_at": "2025-07-13T17:47:31.761Z", "updated_at": "2025-07-13T17:47:32.120Z", "is_active": true, "is_staff": true, "date_joined": "2025-07-13T17:47:31.761Z", "groups": [], "user_permissions": []}}, {"model": "users.user", "fields": {"password": "pbkdf2_sha256$600000$UH97jpculMzol8KpAZ1kbA$lFyJiiWNGF5w45vNPtjSreZtFLFOxiUYSaqx8whMGes=", "last_login": null, "is_superuser": false, "email": "fatima@mawaddah.app", "phone": "1000000002", "first_name": "Fatima", "last_name": "Shura", "role": "shura", "is_verified_syed": false, "country": "Pakistan", "state": "Unknown", "city": "PlaceholderCity", "withdraw_method": null, "account_title": null, "account_number": null, "bank_name": null, "wallet_balance": "0.00", "avatar": "", "language": "en", "created_at": "2025-07-13T17:47:32.136Z", "updated_at": "2025-07-13T17:47:32.500Z", "is_active": true, "is_staff": true, "date_joined": "2025-07-13T17:47:32.136Z", "groups": [], "user_permissions": []}}, {"model": "users.user", "fields": {"password": "pbkdf2_sha256$600000$f4Dcl21QskV11nH0fQBHRc$z+NbAum3iathx74wO+Px9e8hA8eWtM83bVoHjqhXuHw=", "last_login": null, "is_superuser": false, "email": "ali@mawaddah.app", "phone": "1000000003", "first_name": "Ali", "last_name": "Shura", "role": "shura", "is_verified_syed": false, "country": "Pakistan", "state": "Unknown", "city": "PlaceholderCity", "withdraw_method": null, "account_title": null, "account_number": null, "bank_name": null, "wallet_balance": "0.00", "avatar": "", "language": "en", "created_at": "2025-07-13T17:47:32.503Z", "updated_at": "2025-07-13T17:47:32.877Z", "is_active": true, "is_staff": true, "date_joined": "2025-07-13T17:47:32.503Z", "groups": [], "user_permissions": []}}, {"model": "users.user", "fields": {"password": "pbkdf2_sha256$600000$WSLhVvSBjXGvZJWz9fGzKU$T95oo18hfsKzhttfA/Zagf7z0A0cMObqzRsmseb0I9Q=", "last_login": null, "is_superuser": false, "email": "sara@mawaddah.app", "phone": "1000000004", "first_name": "Sara", "last_name": "Syed", "role": "user", "is_verified_syed": false, "country": "Pakistan", "state": "Unknown", "city": "PlaceholderCity", "withdraw_method": null, "account_title": null, "account_number": null, "bank_name": null, "wallet_balance": "0.00", "avatar": "", "language": "en", "created_at": "2025-07-13T17:47:32.881Z", "updated_at": "2025-07-13T17:47:33.239Z", "is_active": true, "is_staff": false, "date_joined": "2025-07-13T17:47:32.881Z", "groups": [], "user_permissions": []}}, {"model": "users.user", "fields": {"password": "pbkdf2_sha256$600000$5uOs0HMb767nK3Xq9bGMmO$mWpo8FrDBb5cVL4RQh+rfrzW9HnT4qtRu6CJ1N4Nk48=", "last_login": null, "is_superuser": false, "email": "hassan@mawaddah.app", "phone": "1000000005", "first_name": "Hassan", "last_name": "User", "role": "user", "is_verified_syed": false, "country": "Pakistan", "state": "Unknown", "city": "PlaceholderCity", "withdraw_method": null, "account_title": null, "account_number": null, "bank_name": null, "wallet_balance": "0.00", "avatar": "", "language": "en", "created_at": "2025-07-13T17:47:33.242Z", "updated_at": "2025-07-13T17:47:33.610Z", "is_active": true, "is_staff": false, "date_joined": "2025-07-13T17:47:33.243Z", "groups": [], "user_permissions": []}}, {"model": "users.user", "fields": {"password": "pbkdf2_sha256$600000$cfIqsybOUvxXtVyY4utydN$lpcHhUDIDPVxOc2a+i6bm87Kf6ec6I8nkr8AIxftuLM=", "last_login": null, "is_superuser": false, "email": "maryam@mawaddah.app", "phone": "1000000006", "first_name": "Maryam", "last_name": "User", "role": "user", "is_verified_syed": false, "country": "Pakistan", "state": "Unknown", "city": "PlaceholderCity", "withdraw_method": null, "account_title": null, "account_number": null, "bank_name": null, "wallet_balance": "0.00", "avatar": "", "language": "en", "created_at": "2025-07-13T17:47:33.614Z", "updated_at": "2025-07-13T17:47:33.988Z", "is_active": true, "is_staff": false, "date_joined": "2025-07-13T17:47:33.614Z", "groups": [], "user_permissions": []}}, {"model": "users.user", "fields": {"password": "pbkdf2_sha256$600000$iz0kjNwUr9FBP6uLX0UTDO$YJD2wvo3CsTuBzKV8GVlZAFsL1/t83S+liBY51RF0SU=", "last_login": null, "is_superuser": false, "email": "taha@mawaddah.app", "phone": "1000000007", "first_name": "Taha", "last_name": "Donor", "role": "donor", "is_verified_syed": false, "country": "Pakistan", "state": "Unknown", "city": "PlaceholderCity", "withdraw_method": null, "account_title": null, "account_number": null, "bank_name": null, "wallet_balance": "0.00", "avatar": "", "language": "en", "created_at": "2025-07-13T17:47:33.991Z", "updated_at": "2025-07-13T17:47:34.394Z", "is_active": true, "is_staff": false, "date_joined": "2025-07-13T17:47:33.991Z", "groups": [], "user_permissions": []}}, {"model": "users.user", "fields": {"password": "pbkdf2_sha256$600000$lyVvuPfngMkvUde5sLLusm$O4hWV5q33ZI8+K8gJEbdPBk7LnnsJLEkX3Bc54VegZM=", "last_login": null, "is_superuser": false, "email": "zahra@mawaddah.app", "phone": "1000000008", "first_name": "Zahra", "last_name": "Recip.", "role": "recipient", "is_verified_syed": true, "country": "Pakistan", "state": "Unknown", "city": "PlaceholderCity", "withdraw_method": null, "account_title": null, "account_number": null, "bank_name": null, "wallet_balance": "0.00", "avatar": "", "language": "en", "created_at": "2025-07-13T17:47:34.398Z", "updated_at": "2025-07-13T17:47:34.781Z", "is_active": true, "is_staff": false, "date_joined": "2025-07-13T17:47:34.398Z", "groups": [], "user_permissions": []}}, {"model": "users.user", "fields": {"password": "", "last_login": null, "is_superuser": false, "email": "recipient@example.com", "phone": "1234567891", "first_name": "Test", "last_name": "Recipient", "role": "recipient", "is_verified_syed": true, "country": "Pakistan", "state": "Unknown", "city": "PlaceholderCity", "withdraw_method": null, "account_title": null, "account_number": null, "bank_name": null, "wallet_balance": "0.00", "avatar": "", "language": "en", "created_at": "2025-07-13T17:48:38.618Z", "updated_at": "2025-07-13T17:48:38.618Z", "is_active": true, "is_staff": false, "date_joined": "2025-07-13T17:48:38.618Z", "groups": [], "user_permissions": []}}, {"model": "users.user", "fields": {"password": "", "last_login": null, "is_superuser": false, "email": "shura@example.com", "phone": "1234567892", "first_name": "Shura", "last_name": "Member", "role": "shura", "is_verified_syed": false, "country": "Pakistan", "state": "Unknown", "city": "PlaceholderCity", "withdraw_method": null, "account_title": null, "account_number": null, "bank_name": null, "wallet_balance": "0.00", "avatar": "", "language": "en", "created_at": "2025-07-13T17:48:38.621Z", "updated_at": "2025-07-13T17:48:38.621Z", "is_active": true, "is_staff": false, "date_joined": "2025-07-13T17:48:38.621Z", "groups": [], "user_permissions": []}}, {"model": "users.user", "fields": {"password": "pbkdf2_sha256$600000$TwIprcwfnMSONxXmqTdNnm$ZqBz8DDNXHoDOZV6Z84p/gSiQX8cIv+dKahWIFfaWHY=", "last_login": null, "is_superuser": false, "email": "test@example.com", "phone": "7330161631", "first_name": "Test", "last_name": "User", "role": "recipient", "is_verified_syed": true, "country": "Pakistan", "state": "Unknown", "city": "PlaceholderCity", "withdraw_method": null, "account_title": null, "account_number": null, "bank_name": null, "wallet_balance": "0.00", "avatar": "", "language": "en", "created_at": "2025-07-14T05:40:57.421Z", "updated_at": "2025-07-14T05:40:57.422Z", "is_active": true, "is_staff": false, "date_joined": "2025-07-14T05:40:57.422Z", "groups": [], "user_permissions": []}}, {"model": "users.user", "fields": {"password": "pbkdf2_sha256$600000$p3KSUReFRc5toK4SnIhM0K$YCVlL2v5b9GpcwRk4bMjoqVcQVQ+NiQzUkHA9meuGw4=", "last_login": null, "is_superuser": false, "email": "test41206@example.com", "phone": "5990080743", "first_name": "Test", "last_name": "User", "role": "recipient", "is_verified_syed": true, "country": "Pakistan", "state": "Unknown", "city": "PlaceholderCity", "withdraw_method": null, "account_title": null, "account_number": null, "bank_name": null, "wallet_balance": "0.00", "avatar": "", "language": "en", "created_at": "2025-07-14T05:41:27.279Z", "updated_at": "2025-07-14T05:41:27.279Z", "is_active": true, "is_staff": false, "date_joined": "2025-07-14T05:41:27.279Z", "groups": [], "user_permissions": []}}, {"model": "users.user", "fields": {"password": "pbkdf2_sha256$600000$VKwqntUBO7LSVLQw8wIE5Z$zMlB7K41fkGXz4BBRlvYdzSMQ52LA2bT6Kz7J38ItGU=", "last_login": null, "is_superuser": false, "email": "test71893@example.com", "phone": "6152267414", "first_name": "Test", "last_name": "User", "role": "recipient", "is_verified_syed": true, "country": "Pakistan", "state": "Unknown", "city": "PlaceholderCity", "withdraw_method": null, "account_title": null, "account_number": null, "bank_name": null, "wallet_balance": "0.00", "avatar": "", "language": "en", "created_at": "2025-07-14T05:41:57.935Z", "updated_at": "2025-07-14T05:41:57.935Z", "is_active": true, "is_staff": false, "date_joined": "2025-07-14T05:41:57.935Z", "groups": [], "user_permissions": []}}, {"model": "users.user", "fields": {"password": "", "last_login": null, "is_superuser": false, "email": "ahmad@example.com", "phone": "+9200000001", "first_name": "Ahmad", "last_name": "Khan", "role": "donor", "is_verified_syed": false, "country": "Pakistan", "state": "Unknown", "city": "PlaceholderCity", "withdraw_method": null, "account_title": null, "account_number": null, "bank_name": null, "wallet_balance": "0.00", "avatar": "", "language": "en", "created_at": "2025-07-15T10:47:48.241Z", "updated_at": "2025-07-15T10:47:48.241Z", "is_active": true, "is_staff": false, "date_joined": "2025-07-15T10:47:48.241Z", "groups": [], "user_permissions": []}}, {"model": "users.user", "fields": {"password": "", "last_login": null, "is_superuser": false, "email": "zainab@example.com", "phone": "+9200000002", "first_name": "Zainab", "last_name": "Fatima", "role": "recipient", "is_verified_syed": true, "country": "Pakistan", "state": "Unknown", "city": "PlaceholderCity", "withdraw_method": null, "account_title": null, "account_number": null, "bank_name": null, "wallet_balance": "0.00", "avatar": "", "language": "en", "created_at": "2025-07-15T10:49:09.113Z", "updated_at": "2025-07-15T10:49:09.113Z", "is_active": true, "is_staff": false, "date_joined": "2025-07-15T10:49:09.113Z", "groups": [], "user_permissions": []}}, {"model": "users.user", "fields": {"password": "", "last_login": null, "is_superuser": false, "email": "ali@example.com", "phone": "+9200000003", "first_name": "Ali", "last_name": "Raza", "role": "recipient", "is_verified_syed": true, "country": "Pakistan", "state": "Unknown", "city": "PlaceholderCity", "withdraw_method": null, "account_title": null, "account_number": null, "bank_name": null, "wallet_balance": "0.00", "avatar": "", "language": "en", "created_at": "2025-07-15T10:49:09.116Z", "updated_at": "2025-07-15T10:49:09.116Z", "is_active": true, "is_staff": false, "date_joined": "2025-07-15T10:49:09.116Z", "groups": [], "user_permissions": []}}, {"model": "users.user", "fields": {"password": "", "last_login": null, "is_superuser": false, "email": "fatima@example.com", "phone": "+9200000004", "first_name": "Fatima", "last_name": "Noor", "role": "recipient", "is_verified_syed": true, "country": "Pakistan", "state": "Unknown", "city": "PlaceholderCity", "withdraw_method": null, "account_title": null, "account_number": null, "bank_name": null, "wallet_balance": "0.00", "avatar": "", "language": "en", "created_at": "2025-07-15T10:49:09.118Z", "updated_at": "2025-07-15T10:49:09.118Z", "is_active": true, "is_staff": false, "date_joined": "2025-07-15T10:49:09.118Z", "groups": [], "user_permissions": []}}, {"model": "appeals.appeal", "pk": 30, "fields": {"title": "House Rent Support", "description": "House rent support", "category": "house_rent", "amount_requested": "15000.00", "is_monthly": false, "months_required": null, "created_by": ["fatima@mawaddah.app"], "beneficiary": ["fatima@mawaddah.app"], "is_urgent": false, "status": "approved", "linked_donation": null, "approved_by": null, "rejected_by": null, "cancelled_by": null, "approved_at": null, "rejected_at": null, "cancelled_at": null, "fulfilled_at": null, "expiry_date": null, "rejection_reason": null, "created_at": "2025-07-13T17:47:34.787Z", "updated_at": "2025-07-13T17:47:34.787Z"}}, {"model": "appeals.appeal", "pk": 31, "fields": {"title": "School Fees Assistance", "description": "School fees for children", "category": "school_fee", "amount_requested": "12000.00", "is_monthly": true, "months_required": 1, "created_by": ["ali@mawaddah.app"], "beneficiary": ["ali@mawaddah.app"], "is_urgent": false, "status": "approved", "linked_donation": null, "approved_by": null, "rejected_by": null, "cancelled_by": null, "approved_at": null, "rejected_at": null, "cancelled_at": null, "fulfilled_at": null, "expiry_date": null, "rejection_reason": null, "created_at": "2025-07-13T17:47:34.793Z", "updated_at": "2025-07-13T17:47:34.793Z"}}, {"model": "appeals.appeal", "pk": 32, "fields": {"title": "Medical Expense Surgery", "description": "Medical expense for surgery", "category": "medical", "amount_requested": "8000.00", "is_monthly": false, "months_required": null, "created_by": ["sara@mawaddah.app"], "beneficiary": ["sara@mawaddah.app"], "is_urgent": false, "status": "pending", "linked_donation": null, "approved_by": null, "rejected_by": null, "cancelled_by": null, "approved_at": null, "rejected_at": null, "cancelled_at": null, "fulfilled_at": null, "expiry_date": null, "rejection_reason": null, "created_at": "2025-07-13T17:47:34.798Z", "updated_at": "2025-07-13T17:47:34.798Z"}}, {"model": "appeals.appeal", "pk": 33, "fields": {"title": "Grocery Support", "description": "Monthly grocery support", "category": "other", "amount_requested": "5000.00", "is_monthly": true, "months_required": 1, "created_by": ["hassan@mawaddah.app"], "beneficiary": ["hassan@mawaddah.app"], "is_urgent": false, "status": "pending", "linked_donation": null, "approved_by": null, "rejected_by": null, "cancelled_by": null, "approved_at": null, "rejected_at": null, "cancelled_at": null, "fulfilled_at": null, "expiry_date": null, "rejection_reason": null, "created_at": "2025-07-13T17:47:34.803Z", "updated_at": "2025-07-13T17:47:34.803Z"}}, {"model": "appeals.appeal", "pk": 34, "fields": {"title": "Utility Bill Payment", "description": "Utility bill payment", "category": "utility_bills", "amount_requested": "4000.00", "is_monthly": false, "months_required": null, "created_by": ["maryam@mawaddah.app"], "beneficiary": ["maryam@mawaddah.app"], "is_urgent": false, "status": "rejected", "linked_donation": null, "approved_by": null, "rejected_by": null, "cancelled_by": null, "approved_at": null, "rejected_at": null, "cancelled_at": null, "fulfilled_at": null, "expiry_date": null, "rejection_reason": "Utility bill not eligible", "created_at": "2025-07-13T17:47:34.807Z", "updated_at": "2025-07-13T17:47:34.807Z"}}, {"model": "appeals.appeal", "pk": 35, "fields": {"title": "Orphan Care", "description": "Orphan care", "category": "death_support", "amount_requested": "20000.00", "is_monthly": false, "months_required": null, "created_by": ["fatima@mawaddah.app"], "beneficiary": ["fatima@mawaddah.app"], "is_urgent": false, "status": "fulfilled", "linked_donation": null, "approved_by": null, "rejected_by": null, "cancelled_by": null, "approved_at": null, "rejected_at": null, "cancelled_at": null, "fulfilled_at": null, "expiry_date": null, "rejection_reason": null, "created_at": "2025-07-13T17:47:34.811Z", "updated_at": "2025-07-13T17:47:34.811Z"}}, {"model": "appeals.appeal", "pk": 36, "fields": {"title": "Loan Repayment", "description": "Loan repayment", "category": "debt", "amount_requested": "10000.00", "is_monthly": false, "months_required": null, "created_by": ["taha@mawaddah.app"], "beneficiary": ["taha@mawaddah.app"], "is_urgent": false, "status": "fulfilled", "linked_donation": null, "approved_by": null, "rejected_by": null, "cancelled_by": null, "approved_at": null, "rejected_at": null, "cancelled_at": null, "fulfilled_at": null, "expiry_date": null, "rejection_reason": null, "created_at": "2025-07-13T17:47:34.815Z", "updated_at": "2025-07-13T17:47:34.815Z"}}, {"model": "appeals.appeal", "pk": 37, "fields": {"title": "Business Restart", "description": "Business restart after COVID", "category": "business_support", "amount_requested": "25000.00", "is_monthly": false, "months_required": null, "created_by": ["zahra@mawaddah.app"], "beneficiary": ["zahra@mawaddah.app"], "is_urgent": false, "status": "approved", "linked_donation": null, "approved_by": null, "rejected_by": null, "cancelled_by": null, "approved_at": null, "rejected_at": null, "cancelled_at": null, "fulfilled_at": null, "expiry_date": null, "rejection_reason": null, "created_at": "2025-07-13T17:47:34.819Z", "updated_at": "2025-07-13T17:47:34.819Z"}}, {"model": "appeals.appeal", "pk": 38, "fields": {"title": "Medical Assistance Needed", "description": "Need help with medical bills for surgery", "category": "medical", "amount_requested": "2500.00", "is_monthly": false, "months_required": null, "created_by": ["recipient@example.com"], "beneficiary": ["recipient@example.com"], "is_urgent": false, "status": "pending", "linked_donation": null, "approved_by": null, "rejected_by": null, "cancelled_by": null, "approved_at": null, "rejected_at": null, "cancelled_at": null, "fulfilled_at": null, "expiry_date": null, "rejection_reason": null, "created_at": "2025-07-13T17:48:38.628Z", "updated_at": "2025-07-13T17:48:38.628Z"}}, {"model": "appeals.appeal", "pk": 39, "fields": {"title": "School Fees Support", "description": "Unable to pay school fees for children", "category": "school_fee", "amount_requested": "800.00", "is_monthly": false, "months_required": null, "created_by": ["recipient@example.com"], "beneficiary": ["recipient@example.com"], "is_urgent": false, "status": "approved", "linked_donation": null, "approved_by": ["shura@example.com"], "rejected_by": null, "cancelled_by": null, "approved_at": "2025-07-11T17:48:38.623Z", "rejected_at": null, "cancelled_at": null, "fulfilled_at": null, "expiry_date": null, "rejection_reason": null, "created_at": "2025-07-13T17:48:38.637Z", "updated_at": "2025-07-13T17:48:38.637Z"}}, {"model": "appeals.appeal", "pk": 40, "fields": {"title": "Utility Bills Support", "description": "Need help with electricity and water bills", "category": "utility_bills", "amount_requested": "300.00", "is_monthly": false, "months_required": null, "created_by": ["recipient@example.com"], "beneficiary": ["recipient@example.com"], "is_urgent": false, "status": "pending", "linked_donation": null, "approved_by": null, "rejected_by": null, "cancelled_by": null, "approved_at": null, "rejected_at": null, "cancelled_at": null, "fulfilled_at": null, "expiry_date": null, "rejection_reason": null, "created_at": "2025-07-13T17:49:34.076Z", "updated_at": "2025-07-13T17:49:34.076Z"}}, {"model": "appeals.appeal", "pk": 41, "fields": {"title": "Test Appeal 1", "description": "Test description", "category": "medical", "amount_requested": "1000.00", "is_monthly": false, "months_required": null, "created_by": ["test@example.com"], "beneficiary": ["test@example.com"], "is_urgent": false, "status": "pending", "linked_donation": null, "approved_by": null, "rejected_by": null, "cancelled_by": null, "approved_at": null, "rejected_at": null, "cancelled_at": null, "fulfilled_at": null, "expiry_date": null, "rejection_reason": null, "created_at": "2025-07-14T05:40:57.442Z", "updated_at": "2025-07-14T05:40:57.442Z"}}, {"model": "appeals.appeal", "pk": 42, "fields": {"title": "Test Appeal 2", "description": "Test description", "category": "house_rent", "amount_requested": "2000.00", "is_monthly": false, "months_required": null, "created_by": ["test@example.com"], "beneficiary": ["test@example.com"], "is_urgent": false, "status": "approved", "linked_donation": null, "approved_by": null, "rejected_by": null, "cancelled_by": null, "approved_at": null, "rejected_at": null, "cancelled_at": null, "fulfilled_at": null, "expiry_date": null, "rejection_reason": null, "created_at": "2025-07-14T05:40:57.447Z", "updated_at": "2025-07-14T05:40:57.447Z"}}, {"model": "appeals.appeal", "pk": 43, "fields": {"title": "Test Appeal 1", "description": "Test description", "category": "medical", "amount_requested": "1000.00", "is_monthly": false, "months_required": null, "created_by": ["test41206@example.com"], "beneficiary": ["test41206@example.com"], "is_urgent": false, "status": "pending", "linked_donation": null, "approved_by": null, "rejected_by": null, "cancelled_by": null, "approved_at": null, "rejected_at": null, "cancelled_at": null, "fulfilled_at": null, "expiry_date": null, "rejection_reason": null, "created_at": "2025-07-14T05:41:27.299Z", "updated_at": "2025-07-14T05:41:27.299Z"}}, {"model": "appeals.appeal", "pk": 44, "fields": {"title": "Test Appeal 2", "description": "Test description", "category": "house_rent", "amount_requested": "2000.00", "is_monthly": false, "months_required": null, "created_by": ["test41206@example.com"], "beneficiary": ["test41206@example.com"], "is_urgent": false, "status": "approved", "linked_donation": null, "approved_by": null, "rejected_by": null, "cancelled_by": null, "approved_at": null, "rejected_at": null, "cancelled_at": null, "fulfilled_at": null, "expiry_date": null, "rejection_reason": null, "created_at": "2025-07-14T05:41:27.303Z", "updated_at": "2025-07-14T05:41:27.303Z"}}, {"model": "appeals.appeal", "pk": 45, "fields": {"title": "Test Appeal 3", "description": "Test description", "category": "medical", "amount_requested": "3000.00", "is_monthly": false, "months_required": null, "created_by": ["test41206@example.com"], "beneficiary": ["test41206@example.com"], "is_urgent": false, "status": "rejected", "linked_donation": null, "approved_by": null, "rejected_by": null, "cancelled_by": null, "approved_at": null, "rejected_at": null, "cancelled_at": null, "fulfilled_at": null, "expiry_date": null, "rejection_reason": "Test reason", "created_at": "2025-07-14T05:41:27.306Z", "updated_at": "2025-07-14T05:41:27.306Z"}}, {"model": "appeals.appeal", "pk": 46, "fields": {"title": "Test Appeal 1", "description": "Test description", "category": "medical", "amount_requested": "1000.00", "is_monthly": false, "months_required": null, "created_by": ["test71893@example.com"], "beneficiary": ["test71893@example.com"], "is_urgent": false, "status": "pending", "linked_donation": null, "approved_by": null, "rejected_by": null, "cancelled_by": null, "approved_at": null, "rejected_at": null, "cancelled_at": null, "fulfilled_at": null, "expiry_date": null, "rejection_reason": null, "created_at": "2025-07-14T05:41:57.956Z", "updated_at": "2025-07-14T05:41:57.956Z"}}, {"model": "appeals.appeal", "pk": 47, "fields": {"title": "Test Appeal 2", "description": "Test description", "category": "house_rent", "amount_requested": "2000.00", "is_monthly": false, "months_required": null, "created_by": ["test71893@example.com"], "beneficiary": ["test71893@example.com"], "is_urgent": false, "status": "approved", "linked_donation": null, "approved_by": null, "rejected_by": null, "cancelled_by": null, "approved_at": null, "rejected_at": null, "cancelled_at": null, "fulfilled_at": null, "expiry_date": null, "rejection_reason": null, "created_at": "2025-07-14T05:41:57.961Z", "updated_at": "2025-07-14T05:41:57.961Z"}}, {"model": "appeals.appeal", "pk": 48, "fields": {"title": "Test Appeal 3", "description": "Test description", "category": "medical", "amount_requested": "3000.00", "is_monthly": false, "months_required": null, "created_by": ["test71893@example.com"], "beneficiary": ["test71893@example.com"], "is_urgent": false, "status": "rejected", "linked_donation": null, "approved_by": null, "rejected_by": null, "cancelled_by": null, "approved_at": null, "rejected_at": null, "cancelled_at": null, "fulfilled_at": null, "expiry_date": null, "rejection_reason": "Test reason", "created_at": "2025-07-14T05:41:57.964Z", "updated_at": "2025-07-14T05:41:57.964Z"}}, {"model": "appeals.appeal", "pk": 49, "fields": {"title": "Dummy Appeal for Zainab", "description": "Seeded for wallet analytics", "category": "other", "amount_requested": "10000.00", "is_monthly": false, "months_required": null, "created_by": ["ahmad@example.com"], "beneficiary": ["zainab@example.com"], "is_urgent": false, "status": "approved", "linked_donation": null, "approved_by": null, "rejected_by": null, "cancelled_by": null, "approved_at": null, "rejected_at": null, "cancelled_at": null, "fulfilled_at": null, "expiry_date": null, "rejection_reason": null, "created_at": "2025-07-15T11:07:07.185Z", "updated_at": "2025-07-15T11:07:07.185Z"}}, {"model": "appeals.appeal", "pk": 50, "fields": {"title": "Dummy Appeal for Ali", "description": "Seeded for wallet analytics", "category": "other", "amount_requested": "10000.00", "is_monthly": false, "months_required": null, "created_by": ["ahmad@example.com"], "beneficiary": ["ali@example.com"], "is_urgent": false, "status": "approved", "linked_donation": null, "approved_by": null, "rejected_by": null, "cancelled_by": null, "approved_at": null, "rejected_at": null, "cancelled_at": null, "fulfilled_at": null, "expiry_date": null, "rejection_reason": null, "created_at": "2025-07-15T11:07:07.191Z", "updated_at": "2025-07-15T11:07:07.191Z"}}, {"model": "appeals.appeal", "pk": 51, "fields": {"title": "Dummy Appeal for Fatima", "description": "Seeded for wallet analytics", "category": "other", "amount_requested": "10000.00", "is_monthly": false, "months_required": null, "created_by": ["ahmad@example.com"], "beneficiary": ["fatima@example.com"], "is_urgent": false, "status": "approved", "linked_donation": null, "approved_by": null, "rejected_by": null, "cancelled_by": null, "approved_at": null, "rejected_at": null, "cancelled_at": null, "fulfilled_at": null, "expiry_date": null, "rejection_reason": null, "created_at": "2025-07-15T11:07:07.196Z", "updated_at": "2025-07-15T11:07:07.196Z"}}, {"model": "donations.donation", "pk": 38, "fields": {"donor": ["ali@mawaddah.app"], "amount": "10000.00", "currency": "PKR", "donation_type": "appeal_specific", "appeal": 35, "note": null, "payment_method": "bank_transfer", "transaction_id": "TXN0001", "receipt_url": null, "created_at": "2025-07-14T17:56:34.833Z", "updated_at": "2025-07-14T17:56:34.833Z"}}, {"model": "donations.donation", "pk": 39, "fields": {"donor": ["taha@mawaddah.app"], "amount": "1000.00", "currency": "PKR", "donation_type": "mawalat_al_qurba", "appeal": null, "note": null, "payment_method": "bank_transfer", "transaction_id": "TXN0002", "receipt_url": null, "created_at": "2025-07-14T17:56:34.837Z", "updated_at": "2025-07-14T17:56:34.837Z"}}, {"model": "donations.donation", "pk": 40, "fields": {"donor": ["ali@mawaddah.app"], "amount": "30000.00", "currency": "PKR", "donation_type": "appeal_specific", "appeal": null, "note": null, "payment_method": "stripe", "transaction_id": "TXN0003", "receipt_url": null, "created_at": "2025-07-14T17:56:34.838Z", "updated_at": "2025-07-14T17:56:34.838Z"}}, {"model": "donations.donation", "pk": 41, "fields": {"donor": ["taha@mawaddah.app"], "amount": "5000.00", "currency": "PKR", "donation_type": "mawalat_al_qurba", "appeal": 37, "note": null, "payment_method": "easypaisa", "transaction_id": "TXN0004", "receipt_url": null, "created_at": "2025-07-14T17:56:34.840Z", "updated_at": "2025-07-14T17:56:34.840Z"}}, {"model": "donations.donation", "pk": 42, "fields": {"donor": ["taha@mawaddah.app"], "amount": "5000.00", "currency": "PKR", "donation_type": "general", "appeal": null, "note": null, "payment_method": "manual", "transaction_id": "TXN0005", "receipt_url": null, "created_at": "2025-07-14T17:56:34.842Z", "updated_at": "2025-07-14T17:56:34.842Z"}}, {"model": "donations.donation", "pk": 43, "fields": {"donor": ["taha@mawaddah.app"], "amount": "30000.00", "currency": "PKR", "donation_type": "general", "appeal": null, "note": null, "payment_method": "jazzcash", "transaction_id": "TXN0006", "receipt_url": null, "created_at": "2025-07-14T17:56:34.843Z", "updated_at": "2025-07-14T17:56:34.843Z"}}, {"model": "donations.donation", "pk": 44, "fields": {"donor": ["taha@mawaddah.app"], "amount": "10000.00", "currency": "PKR", "donation_type": "appeal_specific", "appeal": 33, "note": null, "payment_method": "easypaisa", "transaction_id": "TXN0007", "receipt_url": null, "created_at": "2025-07-14T17:56:34.844Z", "updated_at": "2025-07-14T17:56:34.845Z"}}, {"model": "donations.donation", "pk": 45, "fields": {"donor": ["hassan@mawaddah.app"], "amount": "30000.00", "currency": "PKR", "donation_type": "appeal_specific", "appeal": null, "note": null, "payment_method": "stripe", "transaction_id": "TXN0008", "receipt_url": null, "created_at": "2025-07-14T17:56:34.846Z", "updated_at": "2025-07-14T17:56:34.846Z"}}, {"model": "donations.donation", "pk": 46, "fields": {"donor": ["hassan@mawaddah.app"], "amount": "10000.00", "currency": "PKR", "donation_type": "mawalat_al_qurba", "appeal": null, "note": null, "payment_method": "manual", "transaction_id": "TXN0009", "receipt_url": null, "created_at": "2025-07-14T17:56:34.848Z", "updated_at": "2025-07-14T17:56:34.848Z"}}, {"model": "donations.donation", "pk": 47, "fields": {"donor": ["ali@mawaddah.app"], "amount": "2000.00", "currency": "PKR", "donation_type": "mawalat_al_qurba", "appeal": 36, "note": null, "payment_method": "stripe", "transaction_id": "TXN0010", "receipt_url": null, "created_at": "2025-07-14T17:56:34.849Z", "updated_at": "2025-07-14T17:56:34.849Z"}}, {"model": "donations.donation", "pk": 48, "fields": {"donor": ["sara@mawaddah.app"], "amount": "1000.00", "currency": "PKR", "donation_type": "mawalat_al_qurba", "appeal": null, "note": null, "payment_method": "easypaisa", "transaction_id": "TXN0011", "receipt_url": null, "created_at": "2025-07-14T17:56:34.850Z", "updated_at": "2025-07-14T17:56:34.850Z"}}, {"model": "donations.donation", "pk": 49, "fields": {"donor": ["taha@mawaddah.app"], "amount": "30000.00", "currency": "PKR", "donation_type": "general", "appeal": null, "note": null, "payment_method": "stripe", "transaction_id": "TXN0012", "receipt_url": null, "created_at": "2025-07-14T17:56:34.852Z", "updated_at": "2025-07-14T17:56:34.852Z"}}, {"model": "donations.donation", "pk": 50, "fields": {"donor": ["hassan@mawaddah.app"], "amount": "15000.00", "currency": "PKR", "donation_type": "general", "appeal": 34, "note": null, "payment_method": "bank_transfer", "transaction_id": "TXN0013", "receipt_url": null, "created_at": "2025-07-14T17:56:34.853Z", "updated_at": "2025-07-14T17:56:34.853Z"}}, {"model": "donations.donation", "pk": 51, "fields": {"donor": ["hassan@mawaddah.app"], "amount": "5000.00", "currency": "PKR", "donation_type": "general", "appeal": null, "note": null, "payment_method": "manual", "transaction_id": "TXN0014", "receipt_url": null, "created_at": "2025-07-14T17:56:34.854Z", "updated_at": "2025-07-14T17:56:34.854Z"}}, {"model": "donations.donation", "pk": 52, "fields": {"donor": ["sara@mawaddah.app"], "amount": "2000.00", "currency": "PKR", "donation_type": "appeal_specific", "appeal": null, "note": null, "payment_method": "stripe", "transaction_id": "TXN0015", "receipt_url": null, "created_at": "2025-07-14T17:56:34.856Z", "updated_at": "2025-07-14T17:56:34.856Z"}}, {"model": "donations.donation", "pk": 53, "fields": {"donor": ["hassan@mawaddah.app"], "amount": "2000.00", "currency": "PKR", "donation_type": "general", "appeal": 36, "note": null, "payment_method": "manual", "transaction_id": "TXN0016", "receipt_url": null, "created_at": "2025-07-14T17:56:34.857Z", "updated_at": "2025-07-14T17:56:34.857Z"}}, {"model": "donations.donation", "pk": 54, "fields": {"donor": ["ali@mawaddah.app"], "amount": "30000.00", "currency": "PKR", "donation_type": "general", "appeal": null, "note": null, "payment_method": "easypaisa", "transaction_id": "TXN0017", "receipt_url": null, "created_at": "2025-07-14T17:56:34.859Z", "updated_at": "2025-07-14T17:56:34.859Z"}}, {"model": "donations.donation", "pk": 55, "fields": {"donor": ["ali@mawaddah.app"], "amount": "5000.00", "currency": "PKR", "donation_type": "mawalat_al_qurba", "appeal": null, "note": null, "payment_method": "bank_transfer", "transaction_id": "TXN0018", "receipt_url": null, "created_at": "2025-07-14T17:56:34.860Z", "updated_at": "2025-07-14T17:56:34.860Z"}}, {"model": "donations.donation", "pk": 56, "fields": {"donor": ["sara@mawaddah.app"], "amount": "2000.00", "currency": "PKR", "donation_type": "mawalat_al_qurba", "appeal": 30, "note": null, "payment_method": "manual", "transaction_id": "TXN0019", "receipt_url": null, "created_at": "2025-07-14T17:56:34.862Z", "updated_at": "2025-07-14T17:56:34.862Z"}}, {"model": "donations.donation", "pk": 57, "fields": {"donor": ["sara@mawaddah.app"], "amount": "5000.00", "currency": "PKR", "donation_type": "appeal_specific", "appeal": null, "note": null, "payment_method": "manual", "transaction_id": "TXN0020", "receipt_url": null, "created_at": "2025-07-14T17:56:34.863Z", "updated_at": "2025-07-14T17:56:34.863Z"}}, {"model": "wallet.wallet", "pk": 1, "fields": {"user": ["admin@mawadah.com"], "balance": "0.00"}}, {"model": "wallet.wallet", "pk": 2, "fields": {"user": ["zainab@example.com"], "balance": "0.00"}}, {"model": "wallet.wallet", "pk": 3, "fields": {"user": ["ali@example.com"], "balance": "0.00"}}, {"model": "wallet.wallet", "pk": 4, "fields": {"user": ["fatima@example.com"], "balance": "0.00"}}, {"model": "wallet.wallettransaction", "pk": 1, "fields": {"wallet": 2, "type": "credit", "amount": "8000.00", "appeal": 49, "donor": ["ahmad@example.com"], "description": "Transfer from Ahmad Khan", "timestamp": "2025-07-15T11:07:07.197Z", "transfer_by": null}}, {"model": "wallet.wallettransaction", "pk": 2, "fields": {"wallet": 2, "type": "credit", "amount": "5000.00", "appeal": 49, "donor": null, "description": "Transfer from System", "timestamp": "2025-07-15T11:07:07.200Z", "transfer_by": null}}, {"model": "wallet.wallettransaction", "pk": 3, "fields": {"wallet": 2, "type": "debit", "amount": "4000.00", "appeal": 49, "donor": null, "description": "Withdrawal by Zainab", "timestamp": "2025-07-15T11:07:07.201Z", "transfer_by": null}}, {"model": "wallet.wallettransaction", "pk": 4, "fields": {"wallet": 2, "type": "debit", "amount": "3000.00", "appeal": 49, "donor": null, "description": "Withdrawal by Zainab", "timestamp": "2025-07-15T11:07:07.202Z", "transfer_by": null}}, {"model": "wallet.wallettransaction", "pk": 5, "fields": {"wallet": 3, "type": "credit", "amount": "15000.00", "appeal": 50, "donor": ["ahmad@example.com"], "description": "Transfer from Ahmad Khan", "timestamp": "2025-07-15T11:07:07.204Z", "transfer_by": null}}, {"model": "wallet.wallettransaction", "pk": 6, "fields": {"wallet": 3, "type": "credit", "amount": "10000.00", "appeal": 50, "donor": ["ahmad@example.com"], "description": "Transfer from Ahmad Khan", "timestamp": "2025-07-15T11:07:07.205Z", "transfer_by": null}}, {"model": "wallet.wallettransaction", "pk": 7, "fields": {"wallet": 3, "type": "debit", "amount": "5000.00", "appeal": 50, "donor": null, "description": "Withdrawal by Ali", "timestamp": "2025-07-15T11:07:07.207Z", "transfer_by": null}}, {"model": "wallet.wallettransaction", "pk": 8, "fields": {"wallet": 4, "type": "credit", "amount": "3000.00", "appeal": 51, "donor": null, "description": "Transfer from System", "timestamp": "2025-07-15T11:07:07.208Z", "transfer_by": null}}, {"model": "settings.setting", "pk": 1, "fields": {"key": "platform_name", "value": "Mawaddah", "updated_by": null, "updated_at": "2025-07-16T15:57:06.119Z"}}, {"model": "settings.setting", "pk": 2, "fields": {"key": "default_locale", "value": "en", "updated_by": null, "updated_at": "2025-07-16T15:57:06.121Z"}}, {"model": "settings.setting", "pk": 3, "fields": {"key": "timezone", "value": "Asia/Karachi", "updated_by": null, "updated_at": "2025-07-16T15:57:06.122Z"}}, {"model": "settings.setting", "pk": 4, "fields": {"key": "logo_url", "value": "", "updated_by": null, "updated_at": "2025-07-16T15:57:06.123Z"}}, {"model": "settings.setting", "pk": 5, "fields": {"key": "footer_text", "value": "", "updated_by": null, "updated_at": "2025-07-16T15:57:06.124Z"}}, {"model": "settings.setting", "pk": 6, "fields": {"key": "min_monthly_donation", "value": 1000, "updated_by": null, "updated_at": "2025-07-16T15:57:06.124Z"}}, {"model": "settings.setting", "pk": 7, "fields": {"key": "default_donation_amounts", "value": [500, 1000, 5000], "updated_by": null, "updated_at": "2025-07-16T15:57:06.125Z"}}, {"model": "settings.setting", "pk": 8, "fields": {"key": "donation_cutoff_day", "value": 1, "updated_by": null, "updated_at": "2025-07-16T15:57:06.126Z"}}, {"model": "settings.setting", "pk": 9, "fields": {"key": "auto_assign_donor_role", "value": false, "updated_by": null, "updated_at": "2025-07-16T15:57:06.127Z"}}, {"model": "settings.setting", "pk": 10, "fields": {"key": "allow_anonymous_giving", "value": false, "updated_by": null, "updated_at": "2025-07-16T15:57:06.128Z"}}, {"model": "settings.setting", "pk": 11, "fields": {"key": "stripe_public_key", "value": "", "updated_by": null, "updated_at": "2025-07-16T15:57:06.129Z"}}, {"model": "settings.setting", "pk": 12, "fields": {"key": "stripe_secret_key", "value": "", "updated_by": null, "updated_at": "2025-07-16T15:57:06.130Z"}}, {"model": "settings.setting", "pk": 13, "fields": {"key": "jazzcash_merchant_id", "value": "", "updated_by": null, "updated_at": "2025-07-16T15:57:06.131Z"}}, {"model": "settings.setting", "pk": 14, "fields": {"key": "jazzcash_password", "value": "", "updated_by": null, "updated_at": "2025-07-16T15:57:06.132Z"}}, {"model": "settings.setting", "pk": 15, "fields": {"key": "easypaisa_token", "value": "", "updated_by": null, "updated_at": "2025-07-16T15:57:06.133Z"}}, {"model": "settings.setting", "pk": 16, "fields": {"key": "default_gateway", "value": "stripe", "updated_by": null, "updated_at": "2025-07-16T15:57:06.135Z"}}, {"model": "settings.setting", "pk": 17, "fields": {"key": "payment_test_mode", "value": false, "updated_by": null, "updated_at": "2025-07-16T15:57:06.137Z"}}, {"model": "settings.setting", "pk": 18, "fields": {"key": "app_required_version", "value": "", "updated_by": null, "updated_at": "2025-07-16T15:57:06.138Z"}}, {"model": "settings.setting", "pk": 19, "fields": {"key": "announcement_banner", "value": "", "updated_by": null, "updated_at": "2025-07-16T15:57:06.139Z"}}, {"model": "settings.setting", "pk": 20, "fields": {"key": "disable_appeals_for_new_users", "value": false, "updated_by": null, "updated_at": "2025-07-16T15:57:06.141Z"}}, {"model": "settings.setting", "pk": 21, "fields": {"key": "default_app_language", "value": "en", "updated_by": null, "updated_at": "2025-07-16T15:57:06.142Z"}}, {"model": "settings.setting", "pk": 22, "fields": {"key": "deep_link_base_url", "value": "", "updated_by": null, "updated_at": "2025-07-16T15:57:06.143Z"}}, {"model": "settings.setting", "pk": 23, "fields": {"key": "otp_provider_key", "value": "", "updated_by": null, "updated_at": "2025-07-16T15:57:06.151Z"}}, {"model": "settings.setting", "pk": 24, "fields": {"key": "otp_expiry_minutes", "value": 5, "updated_by": null, "updated_at": "2025-07-16T15:57:06.152Z"}}, {"model": "settings.setting", "pk": 25, "fields": {"key": "max_otp_attempts", "value": 3, "updated_by": null, "updated_at": "2025-07-16T15:57:06.154Z"}}, {"model": "settings.setting", "pk": 26, "fields": {"key": "enable_email_verification", "value": false, "updated_by": null, "updated_at": "2025-07-16T15:57:06.155Z"}}, {"model": "settings.setting", "pk": 27, "fields": {"key": "enable_2fa_for_admin", "value": false, "updated_by": null, "updated_at": "2025-07-16T15:57:06.156Z"}}, {"model": "settings.setting", "pk": 28, "fields": {"key": "allow_dev_tool_access", "value": false, "updated_by": null, "updated_at": "2025-07-16T15:57:06.157Z"}}, {"model": "settings.setting", "pk": 29, "fields": {"key": "reminder_days", "value": [1, 4, 7], "updated_by": null, "updated_at": "2025-07-16T15:57:06.158Z"}}, {"model": "settings.setting", "pk": 30, "fields": {"key": "reminder_template_text", "value": "", "updated_by": null, "updated_at": "2025-07-16T15:57:06.160Z"}}, {"model": "settings.setting", "pk": 31, "fields": {"key": "notify_shura_on_skipped_donors", "value": false, "updated_by": null, "updated_at": "2025-07-16T15:57:06.161Z"}}, {"model": "settings.setting", "pk": 32, "fields": {"key": "email_from_name", "value": "", "updated_by": null, "updated_at": "2025-07-16T15:57:06.162Z"}}, {"model": "settings.setting", "pk": 33, "fields": {"key": "whatsapp_template_text", "value": "", "updated_by": null, "updated_at": "2025-07-16T15:57:06.163Z"}}, {"model": "settings.setting", "pk": 34, "fields": {"key": "enable_audit_logs", "value": false, "updated_by": null, "updated_at": "2025-07-16T15:57:06.164Z"}}, {"model": "settings.setting", "pk": 35, "fields": {"key": "log_retention_days", "value": 90, "updated_by": null, "updated_at": "2025-07-16T15:57:06.165Z"}}, {"model": "settings.setting", "pk": 36, "fields": {"key": "notify_on_setting_change", "value": false, "updated_by": null, "updated_at": "2025-07-16T15:57:06.166Z"}}, {"model": "authtoken.token", "pk": "174b66ce0b0e848846ed222500d650659bf91105", "fields": {"user": ["admin@mawaddah.app"], "created": "2025-07-13T18:31:50.044Z"}}, {"model": "authtoken.token", "pk": "b239f19d08b054dc8a2f730d526bd402a1d77200", "fields": {"user": ["admin@mawadah.com"], "created": "2025-07-18T02:41:51.259Z"}}]